{"stat.walkOneCm":53245,"stat.pickup.minecraft.sign":8,"stat.pickup.minecraft.stick":1,"stat.leaveGame":5,"stat.pickup.minecraft.wooden_button":1,"stat.pickup.minecraft.stained_glass_pane":1,"stat.useItem.minecraft.glowstone":22,"stat.drop.minecraft.sign":1,"stat.jump":35,"stat.drop.minecraft.monster_egg":1,"stat.useItem.minecraft.stone_button":1,"stat.sprintOneCm":75,"achievement.exploreAllBiomes":{"value":0,"progress":["Extreme Hills"]},"stat.craftingTableInteraction":3,"achievement.openInventory":10,"stat.useItem.minecraft.wooden_button":2,"stat.pickup.minecraft.monster_egg":1,"stat.useItem.minecraft.bucket":28,"stat.pickup.minecraft.dye":1,"stat.flyOneCm":32340,"stat.useItem.minecraft.monster_egg":11,"stat.drop":2,"stat.playOneMinute":39069,"stat.pickup.minecraft.stone_button":4,"stat.pickup.minecraft.redstone":1,"stat.useItem.minecraft.wool":7,"stat.timeSinceDeath":39069,"stat.useItem.minecraft.crafting_table":2}